{"ID":"Blockout","ItemsToStringArray":["{\"Items\":[{\"Position\":{\"x\":-3.5415496826171877,\"y\":0.0,\"z\":26.62421417236328},\"AnchoredPosition\":{\"x\":70.4000015258789,\"y\":1295.699951171875,\"z\":0.0},\"X\":0,\"Y\":0,\"TypeID\":[0,0,0,0,0,0,0],\"SpotTransformsPosition\":[],\"SpotTransformsRotation\":[],\"SpotTransformsScale\":[]},{\"Position\":{\"x\":-3.5415496826171877,\"y\":0.0,\"z\":43.09088134765625},\"AnchoredPosition\":{\"x\":70.4000015258789,\"y\":2015.533203125,\"z\":0.0},\"X\":0,\"Y\":1,\"TypeID\":[0,1,0,0,0,0,0],\"SpotTransformsPosition\":[{\"x\":-3.5415496826171877,\"y\":0.0,\"z\":43.09088134765625}],\"SpotTransformsRotation\":[{\"x\":0.0,\"y\":0.7071068286895752,\"z\":0.0,\"w\":0.7071068286895752}],\"SpotTransformsScale\":[{\"x\":1.600000023841858,\"y\":2.0,\"z\":0.6000000238418579}]}]}","{\"Items\":[{\"Position\":{\"x\":5.628456115722656,\"y\":0.0,\"z\":8.510879516601563},\"AnchoredPosition\":{\"x\":563.2000122070313,\"y\":503.88330078125,\"z\":0.0},\"X\":1,\"Y\":0,\"TypeID\":[0,0,0,0,0,0,0],\"SpotTransformsPosition\":[],\"SpotTransformsRotation\":[],\"SpotTransformsScale\":[]}]}","{\"Items\":[{\"Position\":{\"x\":6.938453674316406,\"y\":0.0,\"z\":36.504215240478519},\"AnchoredPosition\":{\"x\":633.6000366210938,\"y\":1727.599853515625,\"z\":0.0},\"X\":2,\"Y\":0,\"TypeID\":[0,0,0,0,0,0,1],\"SpotTransformsPosition\":[{\"x\":6.938453674316406,\"y\":0.0,\"z\":36.504215240478519}],\"SpotTransformsRotation\":[{\"x\":0.0,\"y\":0.0,\"z\":0.0,\"w\":1.0}],\"SpotTransformsScale\":[{\"x\":1.0,\"y\":1.0,\"z\":1.0}]}]}","{\"Items\":[{\"Position\":{\"x\":14.798454284667969,\"y\":0.0,\"z\":15.097546577453614},\"AnchoredPosition\":{\"x\":1056.0,\"y\":791.816650390625,\"z\":0.0},\"X\":3,\"Y\":0,\"TypeID\":[0,1,0,0,0,0,0],\"SpotTransformsPosition\":[{\"x\":14.798454284667969,\"y\":0.0,\"z\":15.097546577453614}],\"SpotTransformsRotation\":[{\"x\":0.0,\"y\":0.7071068286895752,\"z\":0.0,\"w\":0.7071068286895752}],\"SpotTransformsScale\":[{\"x\":1.600000023841858,\"y\":2.0,\"z\":0.6000000238418579}]}]}","{\"Items\":[{\"Position\":{\"x\":20.0384521484375,\"y\":0.0,\"z\":31.5642147064209},\"AnchoredPosition\":{\"x\":1337.5999755859375,\"y\":1511.64990234375,\"z\":0.0},\"X\":4,\"Y\":0,\"TypeID\":[0,0,0,0,0,0,0],\"SpotTransformsPosition\":[],\"SpotTransformsRotation\":[],\"SpotTransformsScale\":[]},{\"Position\":{\"x\":20.0384521484375,\"y\":0.0,\"z\":43.09088134765625},\"AnchoredPosition\":{\"x\":1337.5999755859375,\"y\":2015.533203125,\"z\":0.0},\"X\":4,\"Y\":1,\"TypeID\":[0,0,0,0,0,0,1],\"SpotTransformsPosition\":[{\"x\":20.0384521484375,\"y\":0.0,\"z\":43.09088134765625}],\"SpotTransformsRotation\":[{\"x\":0.0,\"y\":0.0,\"z\":0.0,\"w\":1.0}],\"SpotTransformsScale\":[{\"x\":1.0,\"y\":1.0,\"z\":1.0}]}]}","{\"Items\":[{\"Position\":{\"x\":25.27845001220703,\"y\":0.0,\"z\":21.684213638305665},\"AnchoredPosition\":{\"x\":1619.2000732421875,\"y\":1079.75,\"z\":0.0},\"X\":5,\"Y\":0,\"TypeID\":[0,0,0,0,0,0,1],\"SpotTransformsPosition\":[{\"x\":25.27845001220703,\"y\":0.0,\"z\":21.684215545654298}],\"SpotTransformsRotation\":[{\"x\":0.0,\"y\":0.0,\"z\":0.0,\"w\":1.0}],\"SpotTransformsScale\":[{\"x\":1.0,\"y\":1.0,\"z\":1.0}]},{\"Position\":{\"x\":25.27845001220703,\"y\":0.0,\"z\":36.504215240478519},\"AnchoredPosition\":{\"x\":1619.2000732421875,\"y\":1727.599853515625,\"z\":0.0},\"X\":5,\"Y\":1,\"TypeID\":[0,0,0,0,0,0,1],\"SpotTransformsPosition\":[{\"x\":25.27845001220703,\"y\":0.0,\"z\":36.504215240478519}],\"SpotTransformsRotation\":[{\"x\":0.0,\"y\":0.0,\"z\":0.0,\"w\":1.0}],\"SpotTransformsScale\":[{\"x\":1.0,\"y\":1.0,\"z\":1.0}]}]}"],"ArrayItemsToString":"{\"Items\":[\"{\\\"Items\\\":[{\\\"Position\\\":{\\\"x\\\":-3.5415496826171877,\\\"y\\\":0.0,\\\"z\\\":26.62421417236328},\\\"AnchoredPosition\\\":{\\\"x\\\":70.4000015258789,\\\"y\\\":1295.699951171875,\\\"z\\\":0.0},\\\"X\\\":0,\\\"Y\\\":0,\\\"TypeID\\\":[0,0,0,0,0,0,0],\\\"SpotTransformsPosition\\\":[],\\\"SpotTransformsRotation\\\":[],\\\"SpotTransformsScale\\\":[]},{\\\"Position\\\":{\\\"x\\\":-3.5415496826171877,\\\"y\\\":0.0,\\\"z\\\":43.09088134765625},\\\"AnchoredPosition\\\":{\\\"x\\\":70.4000015258789,\\\"y\\\":2015.533203125,\\\"z\\\":0.0},\\\"X\\\":0,\\\"Y\\\":1,\\\"TypeID\\\":[0,1,0,0,0,0,0],\\\"SpotTransformsPosition\\\":[{\\\"x\\\":-3.5415496826171877,\\\"y\\\":0.0,\\\"z\\\":43.09088134765625}],\\\"SpotTransformsRotation\\\":[{\\\"x\\\":0.0,\\\"y\\\":0.7071068286895752,\\\"z\\\":0.0,\\\"w\\\":0.7071068286895752}],\\\"SpotTransformsScale\\\":[{\\\"x\\\":1.600000023841858,\\\"y\\\":2.0,\\\"z\\\":0.6000000238418579}]}]}\",\"{\\\"Items\\\":[{\\\"Position\\\":{\\\"x\\\":5.628456115722656,\\\"y\\\":0.0,\\\"z\\\":8.510879516601563},\\\"AnchoredPosition\\\":{\\\"x\\\":563.2000122070313,\\\"y\\\":503.88330078125,\\\"z\\\":0.0},\\\"X\\\":1,\\\"Y\\\":0,\\\"TypeID\\\":[0,0,0,0,0,0,0],\\\"SpotTransformsPosition\\\":[],\\\"SpotTransformsRotation\\\":[],\\\"SpotTransformsScale\\\":[]}]}\",\"{\\\"Items\\\":[{\\\"Position\\\":{\\\"x\\\":6.938453674316406,\\\"y\\\":0.0,\\\"z\\\":36.504215240478519},\\\"AnchoredPosition\\\":{\\\"x\\\":633.6000366210938,\\\"y\\\":1727.599853515625,\\\"z\\\":0.0},\\\"X\\\":2,\\\"Y\\\":0,\\\"TypeID\\\":[0,0,0,0,0,0,1],\\\"SpotTransformsPosition\\\":[{\\\"x\\\":6.938453674316406,\\\"y\\\":0.0,\\\"z\\\":36.504215240478519}],\\\"SpotTransformsRotation\\\":[{\\\"x\\\":0.0,\\\"y\\\":0.0,\\\"z\\\":0.0,\\\"w\\\":1.0}],\\\"SpotTransformsScale\\\":[{\\\"x\\\":1.0,\\\"y\\\":1.0,\\\"z\\\":1.0}]}]}\",\"{\\\"Items\\\":[{\\\"Position\\\":{\\\"x\\\":14.798454284667969,\\\"y\\\":0.0,\\\"z\\\":15.097546577453614},\\\"AnchoredPosition\\\":{\\\"x\\\":1056.0,\\\"y\\\":791.816650390625,\\\"z\\\":0.0},\\\"X\\\":3,\\\"Y\\\":0,\\\"TypeID\\\":[0,1,0,0,0,0,0],\\\"SpotTransformsPosition\\\":[{\\\"x\\\":14.798454284667969,\\\"y\\\":0.0,\\\"z\\\":15.097546577453614}],\\\"SpotTransformsRotation\\\":[{\\\"x\\\":0.0,\\\"y\\\":0.7071068286895752,\\\"z\\\":0.0,\\\"w\\\":0.7071068286895752}],\\\"SpotTransformsScale\\\":[{\\\"x\\\":1.600000023841858,\\\"y\\\":2.0,\\\"z\\\":0.6000000238418579}]}]}\",\"{\\\"Items\\\":[{\\\"Position\\\":{\\\"x\\\":20.0384521484375,\\\"y\\\":0.0,\\\"z\\\":31.5642147064209},\\\"AnchoredPosition\\\":{\\\"x\\\":1337.5999755859375,\\\"y\\\":1511.64990234375,\\\"z\\\":0.0},\\\"X\\\":4,\\\"Y\\\":0,\\\"TypeID\\\":[0,0,0,0,0,0,0],\\\"SpotTransformsPosition\\\":[],\\\"SpotTransformsRotation\\\":[],\\\"SpotTransformsScale\\\":[]},{\\\"Position\\\":{\\\"x\\\":20.0384521484375,\\\"y\\\":0.0,\\\"z\\\":43.09088134765625},\\\"AnchoredPosition\\\":{\\\"x\\\":1337.5999755859375,\\\"y\\\":2015.533203125,\\\"z\\\":0.0},\\\"X\\\":4,\\\"Y\\\":1,\\\"TypeID\\\":[0,0,0,0,0,0,1],\\\"SpotTransformsPosition\\\":[{\\\"x\\\":20.0384521484375,\\\"y\\\":0.0,\\\"z\\\":43.09088134765625}],\\\"SpotTransformsRotation\\\":[{\\\"x\\\":0.0,\\\"y\\\":0.0,\\\"z\\\":0.0,\\\"w\\\":1.0}],\\\"SpotTransformsScale\\\":[{\\\"x\\\":1.0,\\\"y\\\":1.0,\\\"z\\\":1.0}]}]}\",\"{\\\"Items\\\":[{\\\"Position\\\":{\\\"x\\\":25.27845001220703,\\\"y\\\":0.0,\\\"z\\\":21.684213638305665},\\\"AnchoredPosition\\\":{\\\"x\\\":1619.2000732421875,\\\"y\\\":1079.75,\\\"z\\\":0.0},\\\"X\\\":5,\\\"Y\\\":0,\\\"TypeID\\\":[0,0,0,0,0,0,1],\\\"SpotTransformsPosition\\\":[{\\\"x\\\":25.27845001220703,\\\"y\\\":0.0,\\\"z\\\":21.684215545654298}],\\\"SpotTransformsRotation\\\":[{\\\"x\\\":0.0,\\\"y\\\":0.0,\\\"z\\\":0.0,\\\"w\\\":1.0}],\\\"SpotTransformsScale\\\":[{\\\"x\\\":1.0,\\\"y\\\":1.0,\\\"z\\\":1.0}]},{\\\"Position\\\":{\\\"x\\\":25.27845001220703,\\\"y\\\":0.0,\\\"z\\\":36.504215240478519},\\\"AnchoredPosition\\\":{\\\"x\\\":1619.2000732421875,\\\"y\\\":1727.599853515625,\\\"z\\\":0.0},\\\"X\\\":5,\\\"Y\\\":1,\\\"TypeID\\\":[0,0,0,0,0,0,1],\\\"SpotTransformsPosition\\\":[{\\\"x\\\":25.27845001220703,\\\"y\\\":0.0,\\\"z\\\":36.504215240478519}],\\\"SpotTransformsRotation\\\":[{\\\"x\\\":0.0,\\\"y\\\":0.0,\\\"z\\\":0.0,\\\"w\\\":1.0}],\\\"SpotTransformsScale\\\":[{\\\"x\\\":1.0,\\\"y\\\":1.0,\\\"z\\\":1.0}]}]}\"]}"}