{"cameraMode":{"drawMode":0,"name":"Shaded","section":"Shading Mode"},"sceneLighting":true,"audioPlay":false,"sceneViewState":{"showFog":true,"showMaterialUpdate":false,"showSkybox":true,"showFlares":true,"showImageEffects":true,"showParticleSystems":true},"in2DMode":false,"pivot":{"x":-6.873316764831543,"y":-6.179349899291992,"z":3.4276516437530519},"rotation":{"x":0.20449429750442506,"y":-0.6408122777938843,"z":0.1827547699213028,"w":0.7170373201370239},"size":21.688390731811525,"orthographic":false}