{"cameraMode":{"drawMode":0,"name":"Shaded","section":"Shading Mode"},"sceneLighting":false,"audioPlay":false,"sceneViewState":{"showFog":true,"showMaterialUpdate":false,"showSkybox":false,"showFlares":true,"showImageEffects":true,"showParticleSystems":true},"in2DMode":false,"pivot":{"x":9.959585189819336,"y":-24.835405349731447,"z":127.3228988647461},"rotation":{"x":0.14160926640033723,"y":-0.6531708836555481,"z":0.1261729896068573,"w":0.7330723404884338},"size":4.041658401489258,"orthographic":false}