{"cameraMode":{"drawMode":0,"name":"Shaded","section":"Shading Mode"},"sceneLighting":true,"audioPlay":false,"sceneViewState":{"showFog":true,"showMaterialUpdate":false,"showSkybox":true,"showFlares":true,"showImageEffects":true,"showParticleSystems":true},"in2DMode":false,"pivot":{"x":-14.316990852355957,"y":18.588258743286134,"z":-16.80620574951172},"rotation":{"x":0.4898744821548462,"y":-0.08760437369346619,"z":0.049557384103536609,"w":0.8659633994102478},"size":22.10007667541504,"orthographic":false}