{"cameraMode":{"drawMode":0,"name":"Shaded","section":"Shading Mode"},"sceneLighting":true,"audioPlay":false,"sceneViewState":{"showFog":true,"showMaterialUpdate":false,"showSkybox":true,"showFlares":true,"showImageEffects":true,"showParticleSystems":true},"in2DMode":false,"pivot":{"x":-32.864166259765628,"y":-2.4200782775878908,"z":-5.918040752410889},"rotation":{"x":0.04257391393184662,"y":-0.7383502721786499,"z":0.046814803034067157,"w":0.6714422702789307},"size":45.703426361083987,"orthographic":false}