{"cameraMode":{"drawMode":0,"name":"Shaded","section":"Shading Mode"},"sceneLighting":true,"audioPlay":false,"sceneViewState":{"showFog":true,"showMaterialUpdate":false,"showSkybox":true,"showFlares":true,"showImageEffects":true,"showParticleSystems":true},"in2DMode":false,"pivot":{"x":16.48287010192871,"y":1.9164025783538819,"z":18.756643295288087},"rotation":{"x":0.16200459003448487,"y":-0.1133963093161583,"z":0.018743352964520456,"w":0.9800736904144287},"size":1.4717732667922974,"orthographic":false}