{"cameraMode":{"drawMode":0,"name":"Shaded","section":"Shading Mode"},"sceneLighting":false,"audioPlay":false,"sceneViewState":{"showFog":true,"showMaterialUpdate":false,"showSkybox":false,"showFlares":true,"showImageEffects":true,"showParticleSystems":true},"in2DMode":false,"pivot":{"x":-0.00774267315864563,"y":0.0,"z":-0.020107269287109376},"rotation":{"x":0.04939553141593933,"y":-0.9494396448135376,"z":0.1937628537416458,"w":0.24203389883041383},"size":4.657958030700684,"orthographic":false}