{"cameraMode":{"drawMode":0,"name":"Shaded","section":"Shading Mode"},"sceneLighting":false,"audioPlay":false,"sceneViewState":{"showFog":true,"showMaterialUpdate":false,"showSkybox":false,"showFlares":true,"showImageEffects":true,"showParticleSystems":true},"in2DMode":false,"pivot":{"x":1215.6573486328125,"y":145.8482666015625,"z":-37.834571838378909},"rotation":{"x":0.16200459003448487,"y":-0.1133963093161583,"z":0.018743352964520456,"w":0.9800736904144287},"size":2.8578836917877199,"orthographic":false}