{"cameraMode":{"drawMode":0,"name":"Shaded","section":"Shading Mode"},"sceneLighting":false,"audioPlay":false,"sceneViewState":{"showFog":true,"showMaterialUpdate":false,"showSkybox":false,"showFlares":true,"showImageEffects":true,"showParticleSystems":true},"in2DMode":false,"pivot":{"x":-0.005576610565185547,"y":0.16988541185855866,"z":-0.3883264660835266},"rotation":{"x":0.11230713129043579,"y":-0.8000500798225403,"z":0.15827913582324983,"w":0.5676748752593994},"size":1.2673890590667725,"orthographic":false}