{"cameraMode":{"drawMode":0,"name":"Shaded","section":"Shading Mode"},"sceneLighting":true,"audioPlay":false,"sceneViewState":{"showFog":true,"showMaterialUpdate":false,"showSkybox":true,"showFlares":true,"showImageEffects":true,"showParticleSystems":true},"in2DMode":false,"pivot":{"x":6.549376010894775,"y":2.5512170791625978,"z":-3.4812278747558595},"rotation":{"x":0.001022492884658277,"y":0.9954508543014526,"z":-0.09466219693422318,"w":0.010752263478934765},"size":10.0,"orthographic":false}