{"cameraMode":{"drawMode":0,"name":"Shaded","section":"Shading Mode"},"sceneLighting":false,"audioPlay":false,"sceneViewState":{"showFog":true,"showMaterialUpdate":false,"showSkybox":true,"showFlares":true,"showImageEffects":true,"showParticleSystems":true},"in2DMode":false,"pivot":{"x":-58.4423828125,"y":1.5413382053375245,"z":90.0},"rotation":{"x":0.1887836456298828,"y":0.0032331340480595829,"z":0.007467526942491531,"w":0.9819850325584412},"size":32.61107635498047,"orthographic":false}