{"cameraMode":{"drawMode":0,"name":"Shaded","section":"Shading Mode"},"sceneLighting":false,"audioPlay":false,"sceneViewState":{"showFog":true,"showMaterialUpdate":false,"showSkybox":true,"showFlares":true,"showImageEffects":true,"showParticleSystems":true},"in2DMode":false,"pivot":{"x":-2.5008163452148439,"y":-54.64299011230469,"z":16.47226905822754},"rotation":{"x":0.5846620798110962,"y":-0.015817023813724519,"z":0.021201297640800477,"w":0.8108455538749695},"size":75.06599426269531,"orthographic":false}