{"cameraMode":{"drawMode":0,"name":"Shaded","section":"Shading Mode"},"sceneLighting":false,"audioPlay":false,"sceneViewState":{"showFog":true,"showMaterialUpdate":false,"showSkybox":true,"showFlares":true,"showImageEffects":true,"showParticleSystems":true},"in2DMode":false,"pivot":{"x":11.41424560546875,"y":-2.3962650299072267,"z":16.187456130981447},"rotation":{"x":-0.5794820189476013,"y":0.007640546187758446,"z":-0.01518278568983078,"w":-0.8148078322410584},"size":53.03572463989258,"orthographic":false}