{"cameraMode":{"drawMode":0,"name":"Shaded","section":"Shading Mode"},"sceneLighting":true,"audioPlay":false,"sceneViewState":{"showFog":true,"showMaterialUpdate":false,"showSkybox":true,"showFlares":true,"showImageEffects":true,"showParticleSystems":true},"in2DMode":false,"pivot":{"x":11.088951110839844,"y":-3.2133121490478517,"z":28.435810089111329},"rotation":{"x":0.27028995752334597,"y":-0.3408444821834564,"z":0.10532689094543457,"w":0.8942452669143677},"size":30.269832611083986,"orthographic":false}