{"cameraMode":{"drawMode":0,"name":"Shaded","section":"Shading Mode"},"sceneLighting":true,"audioPlay":false,"sceneViewState":{"showFog":true,"showMaterialUpdate":false,"showSkybox":true,"showFlares":true,"showImageEffects":true,"showParticleSystems":true},"in2DMode":false,"pivot":{"x":5.143379211425781,"y":-3.8545217514038088,"z":10.960806846618653},"rotation":{"x":0.19809949398040772,"y":-0.7209811806678772,"z":0.23300820589065553,"w":0.6218118667602539},"size":23.6259708404541,"orthographic":false}