{"cameraMode":{"drawMode":0,"name":"Shaded","section":"Shading Mode"},"sceneLighting":false,"audioPlay":false,"sceneViewState":{"showFog":true,"showMaterialUpdate":false,"showSkybox":false,"showFlares":true,"showImageEffects":true,"showParticleSystems":true},"in2DMode":false,"pivot":{"x":3.9495849609375,"y":-28.739999771118165,"z":122.15290069580078},"rotation":{"x":0.19159407913684846,"y":-0.5266780257225037,"z":0.12321300059556961,"w":0.8189753293991089},"size":4.041658401489258,"orthographic":false}