{"cameraMode":{"drawMode":0,"name":"Shaded","section":"Shading Mode"},"sceneLighting":false,"audioPlay":false,"sceneViewState":{"showFog":true,"showMaterialUpdate":false,"showSkybox":false,"showFlares":true,"showImageEffects":true,"showParticleSystems":true},"in2DMode":false,"pivot":{"x":9.222256660461426,"y":0.1499999761581421,"z":9.779892921447754},"rotation":{"x":0.19159407913684846,"y":-0.5266780257225037,"z":0.12321300059556961,"w":0.8189753293991089},"size":4.657958984375,"orthographic":false}