{"cameraMode":{"drawMode":0,"name":"Shaded","section":"Shading Mode"},"sceneLighting":false,"audioPlay":false,"sceneViewState":{"showFog":true,"showMaterialUpdate":false,"showSkybox":false,"showFlares":true,"showImageEffects":true,"showParticleSystems":true},"in2DMode":false,"pivot":{"x":9.959781646728516,"y":-24.484943389892579,"z":127.3228988647461},"rotation":{"x":0.2708668112754822,"y":0.3932448923587799,"z":-0.12242507934570313,"w":0.8700584769248962},"size":4.316043853759766,"orthographic":false}