{"cameraMode":{"drawMode":0,"name":"Shaded","section":"Shading Mode"},"sceneLighting":true,"audioPlay":false,"sceneViewState":{"showFog":true,"showMaterialUpdate":false,"showSkybox":true,"showFlares":true,"showImageEffects":true,"showParticleSystems":true},"in2DMode":false,"pivot":{"x":5.21084451675415,"y":0.3087505102157593,"z":0.38586121797561648},"rotation":{"x":0.19159407913684846,"y":-0.5266780257225037,"z":0.12321300059556961,"w":0.8189753293991089},"size":3.5135891437530519,"orthographic":false}