{"cameraMode":{"drawMode":0,"name":"Shaded","section":"Shading Mode"},"sceneLighting":true,"audioPlay":false,"sceneViewState":{"showFog":true,"showMaterialUpdate":false,"showSkybox":true,"showFlares":true,"showImageEffects":true,"showParticleSystems":true},"in2DMode":false,"pivot":{"x":14.741405487060547,"y":-2.2671492099761965,"z":7.49237585067749},"rotation":{"x":-0.5176584720611572,"y":0.2619476914405823,"z":-0.1702423244714737,"w":-0.7965115904808044},"size":4.381025314331055,"orthographic":false}