{"cameraMode":{"drawMode":0,"name":"Shaded","section":"Shading Mode"},"sceneLighting":false,"audioPlay":false,"sceneViewState":{"showFog":true,"showMaterialUpdate":false,"showSkybox":false,"showFlares":true,"showImageEffects":true,"showParticleSystems":true},"in2DMode":false,"pivot":{"x":1215.6573486328125,"y":145.8482666015625,"z":-37.834571838378909},"rotation":{"x":-0.5176584720611572,"y":0.2619476914405823,"z":-0.1702423244714737,"w":-0.7965115904808044},"size":2.8578836917877199,"orthographic":false}