{"cameraMode":{"drawMode":0,"name":"Shaded","section":"Shading Mode"},"sceneLighting":true,"audioPlay":false,"sceneViewState":{"showFog":true,"showMaterialUpdate":false,"showSkybox":true,"showFlares":true,"showImageEffects":true,"showParticleSystems":true},"in2DMode":false,"pivot":{"x":7.340219497680664,"y":1.3605477809906006,"z":-3.1250662803649904},"rotation":{"x":0.008216086775064469,"y":0.986431896686554,"z":-0.1554570347070694,"w":0.052133023738861087},"size":9.68403148651123,"orthographic":false}