{"cameraMode":{"drawMode":0,"name":"Shaded","section":"Shading Mode"},"sceneLighting":true,"audioPlay":false,"sceneViewState":{"showFog":true,"showMaterialUpdate":false,"showSkybox":true,"showFlares":true,"showImageEffects":true,"showParticleSystems":true},"in2DMode":false,"pivot":{"x":6.8760085105896,"y":10.16842269897461,"z":-1.219454288482666},"rotation":{"x":-0.3604642450809479,"y":0.15727609395980836,"z":-0.061800695955753329,"w":-0.9173387885093689},"size":11.43305778503418,"orthographic":false}