{"cameraMode":{"drawMode":0,"name":"Shaded","section":"Shading Mode"},"sceneLighting":false,"audioPlay":false,"sceneViewState":{"showFog":true,"showMaterialUpdate":false,"showSkybox":true,"showFlares":true,"showImageEffects":true,"showParticleSystems":true},"in2DMode":false,"pivot":{"x":2.3641586303710939,"y":-5.627676963806152,"z":13.07033920288086},"rotation":{"x":0.2696831524372101,"y":-0.31247228384017947,"z":0.09889984130859375,"w":0.9054561853408814},"size":32.24810028076172,"orthographic":false}