{"cameraMode":{"drawMode":0,"name":"Shaded","section":"Shading Mode"},"sceneLighting":true,"audioPlay":false,"sceneViewState":{"showFog":true,"showMaterialUpdate":false,"showSkybox":true,"showFlares":true,"showImageEffects":true,"showParticleSystems":true},"in2DMode":false,"pivot":{"x":-2.2157373428344728,"y":0.8813614845275879,"z":-12.750423431396485},"rotation":{"x":-0.3713747262954712,"y":-0.21511070430278779,"z":0.08887773752212525,"w":-0.8988376259803772},"size":6.9593586921691898,"orthographic":false}