{"cameraMode":{"drawMode":0,"name":"Shaded","section":"Shading Mode"},"sceneLighting":false,"audioPlay":false,"sceneViewState":{"showFog":true,"showMaterialUpdate":false,"showSkybox":true,"showFlares":true,"showImageEffects":true,"showParticleSystems":true},"in2DMode":false,"pivot":{"x":2.3641586303710939,"y":-5.627676963806152,"z":13.07033920288086},"rotation":{"x":-0.2699706256389618,"y":0.3128053843975067,"z":-0.09900527447462082,"w":-0.9064213633537293},"size":32.24810028076172,"orthographic":false}