{"cameraMode":{"drawMode":0,"name":"Shaded","section":"Shading Mode"},"sceneLighting":true,"audioPlay":false,"sceneViewState":{"showFog":true,"showMaterialUpdate":false,"showSkybox":true,"showFlares":true,"showImageEffects":true,"showParticleSystems":true},"in2DMode":false,"pivot":{"x":3.2391586303710939,"y":-23.217077255249025,"z":17.78314971923828},"rotation":{"x":-0.34976300597190859,"y":0.008475471287965775,"z":-0.0031621281523257496,"w":-0.9367945790290833},"size":52.588768005371097,"orthographic":false}