{"cameraMode":{"drawMode":0,"name":"Shaded","section":"Shading Mode"},"sceneLighting":true,"audioPlay":false,"sceneViewState":{"showFog":true,"showMaterialUpdate":false,"showSkybox":true,"showFlares":true,"showImageEffects":true,"showParticleSystems":true},"in2DMode":false,"pivot":{"x":6.800238132476807,"y":-8.405022621154786,"z":28.447200775146486},"rotation":{"x":-0.18187686800956727,"y":-0.06573358178138733,"z":0.012186461128294468,"w":-0.9810460805892944},"size":55.20100402832031,"orthographic":false}