{"cameraMode":{"drawMode":0,"name":"Shaded","section":"Shading Mode"},"sceneLighting":false,"audioPlay":false,"sceneViewState":{"showFog":true,"showMaterialUpdate":false,"showSkybox":false,"showFlares":true,"showImageEffects":true,"showParticleSystems":true},"in2DMode":false,"pivot":{"x":361.3538513183594,"y":281.89813232421877,"z":2.140350341796875},"rotation":{"x":-0.11928948760032654,"y":-0.10938237607479096,"z":0.013224084861576558,"w":-0.9867272973060608},"size":649.8917236328125,"orthographic":false}