{"cameraMode":{"drawMode":0,"name":"Shaded","section":"Shading Mode"},"sceneLighting":true,"audioPlay":false,"sceneViewState":{"showFog":true,"showMaterialUpdate":false,"showSkybox":true,"showFlares":true,"showImageEffects":true,"showParticleSystems":true},"in2DMode":false,"pivot":{"x":4.12667989730835,"y":-1.7017936706542969,"z":13.176422119140625},"rotation":{"x":-0.1629885733127594,"y":0.027292471379041673,"z":-0.005539630074054003,"w":-0.9862348437309265},"size":17.444517135620118,"orthographic":false}