{"cameraMode":{"drawMode":0,"name":"Shaded","section":"Shading Mode"},"sceneLighting":true,"audioPlay":false,"sceneViewState":{"showFog":true,"showMaterialUpdate":false,"showSkybox":true,"showFlares":true,"showImageEffects":true,"showParticleSystems":true},"in2DMode":false,"pivot":{"x":5.059389114379883,"y":1.499999761581421,"z":5.03291130065918},"rotation":{"x":0.28306013345718386,"y":0.5911496877670288,"z":-0.23290635645389558,"w":0.7184522747993469},"size":2.020829200744629,"orthographic":true}