{"cameraMode":{"drawMode":0,"name":"Shaded","section":"Shading Mode"},"sceneLighting":true,"audioPlay":false,"sceneViewState":{"showFog":true,"showMaterialUpdate":false,"showSkybox":true,"showFlares":true,"showImageEffects":true,"showParticleSystems":true},"in2DMode":false,"pivot":{"x":-0.8079144954681397,"y":2.6532058715820314,"z":-0.50079345703125},"rotation":{"x":-0.41333621740341189,"y":-0.02676754631102085,"z":0.012156798504292965,"w":-0.9101037979125977},"size":27.52165985107422,"orthographic":false}