{"cameraMode":{"drawMode":0,"name":"Shaded","section":"Shading Mode"},"sceneLighting":true,"audioPlay":false,"sceneViewState":{"showFog":true,"showMaterialUpdate":false,"showSkybox":true,"showFlares":true,"showImageEffects":true,"showParticleSystems":true},"in2DMode":false,"pivot":{"x":11.341178894042969,"y":-3.7259626388549806,"z":-7.091574668884277},"rotation":{"x":0.009085035882890225,"y":0.9857166409492493,"z":-0.15837609767913819,"w":0.05654434859752655},"size":22.0,"orthographic":false}