{"cameraMode":{"drawMode":0,"name":"Shaded","section":"Shading Mode"},"sceneLighting":false,"audioPlay":false,"sceneViewState":{"showFog":true,"showMaterialUpdate":false,"showSkybox":false,"showFlares":true,"showImageEffects":true,"showParticleSystems":true},"in2DMode":false,"pivot":{"x":2.6400907039642336,"y":-26.575321197509767,"z":120.73020935058594},"rotation":{"x":-0.3756752908229828,"y":-0.23721565306186677,"z":0.10009965300559998,"w":-0.8902679085731506},"size":11.180946350097657,"orthographic":false}