{"cameraMode":{"drawMode":0,"name":"Shaded","section":"Shading Mode"},"sceneLighting":true,"audioPlay":false,"sceneViewState":{"showFog":true,"showMaterialUpdate":false,"showSkybox":true,"showFlares":true,"showImageEffects":true,"showParticleSystems":true},"in2DMode":false,"pivot":{"x":11.166463851928711,"y":1.6760276556015015,"z":8.0},"rotation":{"x":-0.16452337801456452,"y":-0.020123552531003953,"z":0.0033568881917744877,"w":-0.9861621260643005},"size":9.399056434631348,"orthographic":false}