{"cameraMode":{"drawMode":0,"name":"Shaded","section":"Shading Mode"},"sceneLighting":true,"audioPlay":false,"sceneViewState":{"showFog":true,"showMaterialUpdate":false,"showSkybox":true,"showFlares":true,"showImageEffects":true,"showParticleSystems":true},"in2DMode":false,"pivot":{"x":-166.90647888183595,"y":-116.39423370361328,"z":3.167281150817871},"rotation":{"x":-0.20471356809139253,"y":0.6965140104293823,"z":-0.21868111193180085,"w":-0.6520270705223084},"size":224.24127197265626,"orthographic":false}