{"cameraMode":{"drawMode":0,"name":"Shaded","section":"Shading Mode"},"sceneLighting":true,"audioPlay":false,"sceneViewState":{"showFog":true,"showMaterialUpdate":false,"showSkybox":true,"showFlares":true,"showImageEffects":true,"showParticleSystems":true},"in2DMode":false,"pivot":{"x":10.490681648254395,"y":0.2144235372543335,"z":17.350418090820314},"rotation":{"x":0.03753557801246643,"y":0.11813411116600037,"z":-0.004468399565666914,"w":0.9922779202461243},"size":22.0,"orthographic":false}