{"cameraMode":{"drawMode":0,"name":"Shaded","section":"Shading Mode"},"sceneLighting":true,"audioPlay":false,"sceneViewState":{"showFog":true,"showMaterialUpdate":false,"showSkybox":true,"showFlares":true,"showImageEffects":true,"showParticleSystems":true},"in2DMode":false,"pivot":{"x":6.679706573486328,"y":-6.962791919708252,"z":8.619321823120118},"rotation":{"x":-0.34823107719421389,"y":0.024460049346089364,"z":-0.009089953266084195,"w":-0.9370454549789429},"size":18.674448013305665,"orthographic":false}