{"cameraMode":{"drawMode":0,"name":"Shaded","section":"Shading Mode"},"sceneLighting":false,"audioPlay":false,"sceneViewState":{"showFog":true,"showMaterialUpdate":false,"showSkybox":false,"showFlares":true,"showImageEffects":true,"showParticleSystems":true},"in2DMode":false,"pivot":{"x":3.9495849609375,"y":-28.739999771118165,"z":122.15290069580078},"rotation":{"x":-0.16303344070911408,"y":-0.02308766171336174,"z":0.003816070966422558,"w":-0.9863430261611939},"size":14.873859405517579,"orthographic":false}