{"cameraMode":{"drawMode":0,"name":"Shaded","section":"Shading Mode"},"sceneLighting":true,"audioPlay":false,"sceneViewState":{"showFog":true,"showMaterialUpdate":false,"showSkybox":true,"showFlares":true,"showImageEffects":true,"showParticleSystems":true},"in2DMode":false,"pivot":{"x":7.075309753417969,"y":-9.783242225646973,"z":10.447689056396485},"rotation":{"x":-0.25184622406959536,"y":-0.07192482799291611,"z":0.018772801384329797,"w":-0.964908242225647},"size":28.760133743286134,"orthographic":false}