{"cameraMode":{"drawMode":0,"name":"Shaded","section":"Shading Mode"},"sceneLighting":false,"audioPlay":false,"sceneViewState":{"showFog":true,"showMaterialUpdate":false,"showSkybox":false,"showFlares":true,"showImageEffects":true,"showParticleSystems":true},"in2DMode":false,"pivot":{"x":8.700000762939454,"y":1.5,"z":5.749999046325684},"rotation":{"x":0.46178489923477175,"y":-0.03087649680674076,"z":0.016085641458630563,"w":0.886308491230011},"size":2.093618392944336,"orthographic":false}