{"cameraMode":{"drawMode":0,"name":"Shaded","section":"Shading Mode"},"sceneLighting":true,"audioPlay":false,"sceneViewState":{"showFog":true,"showMaterialUpdate":false,"showSkybox":true,"showFlares":true,"showImageEffects":true,"showParticleSystems":true},"in2DMode":false,"pivot":{"x":4.920223712921143,"y":3.192502021789551,"z":-7.044076442718506},"rotation":{"x":-0.31425270438194277,"y":0.027618033811450006,"z":-0.009146293625235558,"w":-0.9488934874534607},"size":7.45143461227417,"orthographic":false}