{"cameraMode":{"drawMode":0,"name":"Shaded","section":"Shading Mode"},"sceneLighting":true,"audioPlay":false,"sceneViewState":{"showFog":true,"showMaterialUpdate":false,"showSkybox":true,"showFlares":true,"showImageEffects":true,"showParticleSystems":true},"in2DMode":false,"pivot":{"x":18.100553512573243,"y":2.998891830444336,"z":21.86875343322754},"rotation":{"x":0.24591177701950074,"y":-0.16824111342430116,"z":0.043388061225414279,"w":0.9535931944847107},"size":10.992390632629395,"orthographic":false}