{"cameraMode":{"drawMode":0,"name":"Shaded","section":"Shading Mode"},"sceneLighting":true,"audioPlay":false,"sceneViewState":{"showFog":true,"showMaterialUpdate":false,"showSkybox":true,"showFlares":true,"showImageEffects":true,"showParticleSystems":true},"in2DMode":false,"pivot":{"x":-7.550211429595947,"y":-16.57870864868164,"z":19.064855575561525},"rotation":{"x":-0.33419495820999148,"y":0.35248124599456789,"z":-0.13643480837345124,"w":-0.8633980751037598},"size":68.64463806152344,"orthographic":false}