{"cameraMode":{"drawMode":0,"name":"Shaded","section":"Shading Mode"},"sceneLighting":true,"audioPlay":false,"sceneViewState":{"showFog":true,"showMaterialUpdate":false,"showSkybox":true,"showFlares":true,"showImageEffects":true,"showParticleSystems":true},"in2DMode":false,"pivot":{"x":6.617501735687256,"y":0.1720588207244873,"z":4.078256130218506},"rotation":{"x":0.12031438201665878,"y":0.03243465721607208,"z":-0.003933573141694069,"w":0.9921980500221252},"size":5.516041278839111,"orthographic":false}