{"cameraMode":{"drawMode":0,"name":"Shaded","section":"Shading Mode"},"sceneLighting":false,"audioPlay":false,"sceneViewState":{"showFog":true,"showMaterialUpdate":false,"showSkybox":false,"showFlares":true,"showImageEffects":true,"showParticleSystems":true},"in2DMode":false,"pivot":{"x":10.344292640686036,"y":-24.595806121826173,"z":126.78756713867188},"rotation":{"x":-0.0018719058716669679,"y":-0.9963874220848084,"z":0.02280413545668125,"w":-0.08178337663412094},"size":4.041658401489258,"orthographic":false}