{"cameraMode":{"drawMode":0,"name":"Shaded","section":"Shading Mode"},"sceneLighting":true,"audioPlay":false,"sceneViewState":{"showFog":true,"showMaterialUpdate":false,"showSkybox":true,"showFlares":true,"showImageEffects":true,"showParticleSystems":true},"in2DMode":false,"pivot":{"x":6.06977653503418,"y":-1.6549320220947266,"z":3.444431781768799},"rotation":{"x":0.25430992245674136,"y":-0.016268031671643258,"z":0.004277863539755344,"w":0.966976523399353},"size":5.516041278839111,"orthographic":false}