{"cameraMode":{"drawMode":0,"name":"Shaded","section":"Shading Mode"},"sceneLighting":false,"audioPlay":false,"sceneViewState":{"showFog":true,"showMaterialUpdate":false,"showSkybox":false,"showFlares":true,"showImageEffects":true,"showParticleSystems":true},"in2DMode":false,"pivot":{"x":3.511571168899536,"y":-28.17789077758789,"z":122.48165130615235},"rotation":{"x":0.08891558647155762,"y":0.8659929037094116,"z":-0.16625231504440309,"w":0.46315276622772219},"size":4.641658782958984,"orthographic":false}