{"cameraMode":{"drawMode":0,"name":"Shaded","section":"Shading Mode"},"sceneLighting":true,"audioPlay":false,"sceneViewState":{"showFog":true,"showMaterialUpdate":false,"showSkybox":true,"showFlares":true,"showImageEffects":true,"showParticleSystems":true},"in2DMode":false,"pivot":{"x":6.605472087860107,"y":2.0821738243103029,"z":-3.378070831298828},"rotation":{"x":0.0016357807908207179,"y":0.9928559064865112,"z":-0.11851907521486283,"w":0.013703231699764729},"size":10.0,"orthographic":false}