{"cameraMode":{"drawMode":0,"name":"Shaded","section":"Shading Mode"},"sceneLighting":false,"audioPlay":false,"sceneViewState":{"showFog":true,"showMaterialUpdate":false,"showSkybox":false,"showFlares":true,"showImageEffects":true,"showParticleSystems":true},"in2DMode":false,"pivot":{"x":5.044818878173828,"y":-28.25887680053711,"z":120.52619171142578},"rotation":{"x":-0.0002525113814044744,"y":0.9981736540794373,"z":0.0041827126406133179,"w":0.06026412546634674},"size":8.153651237487793,"orthographic":false}