{"cameraMode":{"drawMode":0,"name":"Shaded","section":"Shading Mode"},"sceneLighting":true,"audioPlay":false,"sceneViewState":{"showFog":true,"showMaterialUpdate":false,"showSkybox":true,"showFlares":true,"showImageEffects":true,"showParticleSystems":true},"in2DMode":false,"pivot":{"x":84.48631286621094,"y":107.84595489501953,"z":87.70642852783203},"rotation":{"x":-0.006544023286551237,"y":0.9722905158996582,"z":0.027416598051786424,"w":0.23207063972949983},"size":22.567983627319337,"orthographic":false}