{"cameraMode":{"drawMode":0,"name":"Shaded","section":"Shading Mode"},"sceneLighting":false,"audioPlay":false,"sceneViewState":{"showFog":true,"showMaterialUpdate":false,"showSkybox":false,"showFlares":true,"showImageEffects":true,"showParticleSystems":true},"in2DMode":false,"pivot":{"x":9.222256660461426,"y":0.1499999761581421,"z":9.779892921447754},"rotation":{"x":-0.006544023286551237,"y":0.9722905158996582,"z":0.027416598051786424,"w":0.23207063972949983},"size":4.657958984375,"orthographic":false}