{"cameraMode":{"drawMode":0,"name":"Shaded","section":"Shading Mode"},"sceneLighting":true,"audioPlay":false,"sceneViewState":{"showFog":true,"showMaterialUpdate":false,"showSkybox":true,"showFlares":true,"showImageEffects":true,"showParticleSystems":true},"in2DMode":false,"pivot":{"x":10.515745162963868,"y":15.936912536621094,"z":-4.574948310852051},"rotation":{"x":-0.15896987915039063,"y":0.7089049220085144,"z":-0.16921208798885346,"w":-0.6659952402114868},"size":4.435338973999023,"orthographic":false}