{"cameraMode":{"drawMode":0,"name":"Shaded","section":"Shading Mode"},"sceneLighting":true,"audioPlay":false,"sceneViewState":{"showFog":true,"showMaterialUpdate":false,"showSkybox":true,"showFlares":true,"showImageEffects":true,"showParticleSystems":true},"in2DMode":false,"pivot":{"x":2.0237197875976564,"y":-2.1047005653381349,"z":3.8513355255126955},"rotation":{"x":-0.18466287851333619,"y":0.0771578922867775,"z":-0.01454402506351471,"w":-0.9796605706214905},"size":8.9003324508667,"orthographic":false}