{"cameraMode":{"drawMode":0,"name":"Shaded","section":"Shading Mode"},"sceneLighting":true,"audioPlay":false,"sceneViewState":{"showFog":true,"showMaterialUpdate":false,"showSkybox":true,"showFlares":true,"showImageEffects":true,"showParticleSystems":true},"in2DMode":false,"pivot":{"x":88.33845520019531,"y":0.6179999709129334,"z":-26.589120864868165},"rotation":{"x":0.12783746421337129,"y":0.8570608496665955,"z":-0.42870545387268069,"w":0.25557005405426028},"size":7.167752265930176,"orthographic":false}