{"cameraMode":{"drawMode":0,"name":"Shaded","section":"Shading Mode"},"sceneLighting":false,"audioPlay":false,"sceneViewState":{"showFog":true,"showMaterialUpdate":false,"showSkybox":false,"showFlares":true,"showImageEffects":true,"showParticleSystems":true},"in2DMode":false,"pivot":{"x":3.8259048461914064,"y":-27.993160247802736,"z":122.35079193115235},"rotation":{"x":-0.18466287851333619,"y":0.0771578922867775,"z":-0.01454402506351471,"w":-0.9796605706214905},"size":8.803503036499024,"orthographic":false}