{"cameraMode":{"drawMode":0,"name":"Shaded","section":"Shading Mode"},"sceneLighting":false,"audioPlay":false,"sceneViewState":{"showFog":true,"showMaterialUpdate":false,"showSkybox":false,"showFlares":true,"showImageEffects":true,"showParticleSystems":true},"in2DMode":false,"pivot":{"x":1215.6573486328125,"y":145.8482666015625,"z":-37.834571838378909},"rotation":{"x":-0.012620833702385426,"y":0.701023280620575,"z":-0.7129186987876892,"w":-0.012410515919327736},"size":2.8578836917877199,"orthographic":false}