{"cameraMode":{"drawMode":0,"name":"Shaded","section":"Shading Mode"},"sceneLighting":true,"audioPlay":false,"sceneViewState":{"showFog":true,"showMaterialUpdate":false,"showSkybox":true,"showFlares":true,"showImageEffects":true,"showParticleSystems":true},"in2DMode":false,"pivot":{"x":-447.5200500488281,"y":-1611.7232666015625,"z":-625.5828247070313},"rotation":{"x":0.18541160225868226,"y":-0.7963821291923523,"z":0.49080151319503786,"w":0.30085211992263796},"size":1834.385009765625,"orthographic":false}