{"cameraMode":{"drawMode":0,"name":"Shaded","section":"Shading Mode"},"sceneLighting":true,"audioPlay":false,"sceneViewState":{"showFog":true,"showMaterialUpdate":false,"showSkybox":true,"showFlares":true,"showImageEffects":true,"showParticleSystems":true},"in2DMode":false,"pivot":{"x":8.605154037475586,"y":0.9342441558837891,"z":0.8027188777923584},"rotation":{"x":-0.21497899293899537,"y":-0.7503016591072083,"z":0.2917170822620392,"w":-0.5529309511184692},"size":6.037387847900391,"orthographic":false}