{"cameraMode":{"drawMode":0,"name":"Shaded","section":"Shading Mode"},"sceneLighting":false,"audioPlay":false,"sceneViewState":{"showFog":true,"showMaterialUpdate":false,"showSkybox":false,"showFlares":true,"showImageEffects":true,"showParticleSystems":true},"in2DMode":false,"pivot":{"x":9.959585189819336,"y":-24.835405349731447,"z":127.3228988647461},"rotation":{"x":-0.3502202033996582,"y":-0.6018756031990051,"z":0.33100810647010805,"w":-0.6368086934089661},"size":4.041658401489258,"orthographic":false}