{"cameraMode":{"drawMode":0,"name":"Shaded","section":"Shading Mode"},"sceneLighting":true,"audioPlay":false,"sceneViewState":{"showFog":true,"showMaterialUpdate":false,"showSkybox":true,"showFlares":true,"showImageEffects":true,"showParticleSystems":true},"in2DMode":false,"pivot":{"x":-7.243143081665039,"y":2.557849407196045,"z":-5.751321792602539},"rotation":{"x":0.06659064441919327,"y":-0.12657497823238374,"z":-0.008517314679920674,"w":-0.9896827340126038},"size":4.041658878326416,"orthographic":false}