{"cameraMode":{"drawMode":0,"name":"Shaded","section":"Shading Mode"},"sceneLighting":false,"audioPlay":false,"sceneViewState":{"showFog":true,"showMaterialUpdate":false,"showSkybox":false,"showFlares":true,"showImageEffects":true,"showParticleSystems":true},"in2DMode":false,"pivot":{"x":-10.822139739990235,"y":-0.6598062515258789,"z":120.7075424194336},"rotation":{"x":-0.3502202033996582,"y":-0.6018756031990051,"z":0.33100810647010805,"w":-0.6368086934089661},"size":4.041658401489258,"orthographic":false}